Date_TOL,TOL,Date_DHI,DHI,Date_LEN,LEN,Date_NVR,NVR,Date_PMH,PMH,Date_TMHC,TMHC,Date_AVHI,AVHI,Date_BZH,BZH,Date_CVCO,CVCO,Date_CCS,CCS,Date_GBRK,GBRK,Date_HOV,HOV,Date_KBH,KBH,Date_LGIH,LGIH,Date_WLH,WLH,Date_MHO,MHO,Date_MDC,MDC,Date_MTH,MTH,Date_TPH,TPH
8/21/18,1913.00,8/21/18,"$4,435 ",8/21/18,"$5,459 ",8/21/18,"$1,787 ",8/21/18,"$2,570 ",8/21/18,$981 ,8/21/18,$204 ,8/21/18,$512 ,8/21/18,$246 ,8/21/18,$532 ,8/21/18,$155 ,8/21/18,$457 ,8/21/18,"$1,225 ",8/21/18,$420 ,8/21/18,$519 ,8/21/18,$558 ,8/21/18,$771 ,8/21/18,$881 ,8/21/18,$771 
5/22/18,1599.00,5/22/18,"$3,795 ",5/22/18,"$2,981 ",5/22/18,"$1,529 ",5/22/18,"$1,970 ",5/22/18,$752 ,5/22/18,$152 ,5/22/18,$455 ,5/22/18,$243 ,5/22/18,$402 ,5/22/18,$128 ,5/22/18,$503 ,5/22/18,"$1,101 ",5/22/18,$279 ,5/22/18,$373 ,5/22/18,$438 ,5/22/18,$627 ,5/22/18,$746 ,5/22/18,$584 
2/27/18,1175.00,2/27/18,"$3,333 ",2/27/18,"$3,786 ",2/27/18,"$1,816 ",2/27/18,"$2,791 ",2/27/18,"$1,300 ",2/27/18,$281 ,2/27/18,$372 ,2/27/18,$221 ,2/27/18,$524 ,2/27/18,$136 ,2/27/18,$417 ,2/27/18,$872 ,2/27/18,$405 ,2/27/18,$625 ,2/27/18,$622 ,2/27/18,$724 ,2/27/18,$950 ,2/27/18,"$1,129 "
12/5/17,2028.00,12/5/17,"$4,159 ",12/5/17,"$3,261 ",12/5/17,"$1,668 ",12/5/17,"$2,130 ",12/5/17,$908 ,12/5/17,$206 ,12/5/17,$673 ,12/5/17,$201 ,12/5/17,$380 ,12/5/17,$114 ,12/5/17,$722 ,12/5/17,"$1,403 ",12/5/17,$366 ,12/5/17,$490 ,12/5/17,$476 ,12/5/17,$604 ,12/5/17,$809 ,12/5/17,$718 
8/22/17,1503.00,8/22/17,"$3,776 ",8/22/17,"$3,262 ",8/22/17,"$1,544 ",8/22/17,"$2,022 ",8/22/17,$908 ,8/22/17,$201 ,8/22/17,$479 ,8/22/17,$207 ,8/22/17,$292 ,8/22/17,$105 ,8/22/17,$592 ,8/22/17,"$1,144 ",8/22/17,$324 ,8/22/17,$423 ,8/22/17,$457 ,8/22/17,$668 ,8/22/17,$806 ,8/22/17,$571 
5/23/17,1364.00,5/23/17,"$3,251 ",5/23/17,"$2,337 ",5/23/17,"$1,277 ",5/23/17,"$1,630 ",5/23/17,$769 ,5/23/17,$156 ,5/23/17,$425 ,5/23/17,$198 ,5/23/17,$228 ,5/23/17,$99 ,5/23/17,$586 ,5/23/17,"$1,003 ",5/23/17,$163 ,5/23/17,$259 ,5/23/17,$407 ,5/23/17,$582 ,5/23/17,$676 ,5/23/17,$393 
2/22/17,921.00,2/22/17,"$2,904 ",2/22/17,"$3,377 ",2/22/17,"$1,753 ",2/22/17,"$2,493 ",2/22/17,"$1,197 ",2/22/17,$262 ,2/22/17,$339 ,2/22/17,$202 ,2/22/17,$297 ,2/22/17,$120 ,2/22/17,$552 ,2/22/17,$819 ,2/22/17,$237 ,2/22/17,$473 ,2/22/17,$523 ,2/22/17,$736 ,2/22/17,$884 ,2/22/17,$774 
12/6/16,1855.00,12/6/16,"$3,741 ",12/6/16,"$2,834 ",12/6/16,"$1,538 ",12/6/16,"$1,943 ",12/6/16,$853 ,12/6/16,$205 ,12/6/16,$632 ,12/6/16,$188 ,12/6/16,$253 ,12/6/16,$92 ,12/6/16,$805 ,12/6/16,"$1,192 ",12/6/16,$216 ,12/6/16,$343 ,12/6/16,$442 ,12/6/16,$595 ,12/6/16,$756 ,12/6/16,$582 
8/23/16,1270.00,8/23/16,"$3,232 ",8/23/16,"$2,746 ",8/23/16,"$1,388 ",8/23/16,"$1,800 ",8/23/16,$854 ,8/23/16,$188 ,8/23/16,$460 ,8/23/16,$185 ,8/23/16,$260 ,8/23/16,$99 ,8/23/16,$717 ,8/23/16,$913 ,8/23/16,$223 ,8/23/16,$326 ,8/23/16,$401 ,8/23/16,$587 ,8/23/16,$801 ,8/23/16,$625 
5/24/16,1116.00,5/24/16,"$2,768 ",5/24/16,"$1,994 ",5/24/16,"$1,144 ",5/24/16,"$1,433 ",5/24/16,$645 ,5/24/16,$124 ,5/24/16,$386 ,5/24/16,$177 ,5/24/16,$184 ,5/24/16,$70 ,5/24/16,$655 ,5/24/16,$811 ,5/24/16,$162 ,5/24/16,$264 ,5/24/16,$324 ,5/24/16,$408 ,5/24/16,$600 ,5/24/16,$424 
2/23/16,929.00,2/23/16,"$2,416 ",2/23/16,"$2,946 ",2/23/16,"$1,555 ",2/23/16,"$2,062 ",2/23/16,$970 ,2/23/16,$226 ,2/23/16,$344 ,2/23/16,$181 ,2/23/16,$206 ,2/23/16,$86 ,2/23/16,$576 ,2/23/16,$678 ,2/23/16,$177 ,2/23/16,$403 ,2/23/16,$469 ,2/23/16,$579 ,2/23/16,$785 ,2/23/16,$880 
12/8/15,1437.00,12/8/15,"$3,173 ",12/8/15,"$2,492 ",12/8/15,"$1,402 ",12/8/15,"$1,507 ",12/8/15,$796 ,12/8/15,$154 ,12/8/15,$633 ,12/8/15,$192 ,12/8/15,$183 ,12/8/15,$75 ,12/8/15,$693 ,12/8/15,$986 ,12/8/15,$174 ,12/8/15,$249 ,12/8/15,$363 ,12/8/15,$468 ,12/8/15,$673 ,12/8/15,$648 
8/25/15,1028.00,8/25/15,"$2,951 ",8/25/15,"$2,393 ",8/25/15,"$1,244 ",8/25/15,"$1,280 ",8/25/15,$701 ,8/25/15,$79 ,8/25/15,$429 ,8/25/15,$162 ,8/25/15,$189 ,8/25/15,$72 ,8/25/15,$541 ,8/25/15,$843 ,8/25/15,$159 ,8/25/15,$255 ,8/25/15,$323 ,8/25/15,$473 ,8/25/15,$601 ,8/25/15,$496 
5/27/15,853.00,5/27/15,"$2,398 ",5/27/15,"$1,644 ",5/27/15,$958 ,5/27/15,"$1,133 ",5/27/15,$509 ,5/27/15,$59 ,5/27/15,$299 ,5/27/15,$141 ,5/27/15,$156 ,5/27/15,$58 ,5/27/15,$469 ,5/27/15,$623 ,5/27/15,$121 ,5/27/15,$197 ,5/27/15,$263 ,5/27/15,$389 ,5/27/15,$521 ,5/27/15,$377 
2/24/15,853.00,2/24/15,"$2,303 ",2/24/15,"$2,584 ",2/24/15,"$1,328 ",2/24/15,"$1,823 ",2/24/15,"$1,012 ",2/24/15,$104 ,2/24/15,$266 ,2/24/15,$147 ,2/24/15,$141 ,2/24/15,$68 ,2/24/15,$446 ,2/24/15,$580 ,2/24/15,$108 ,2/24/15,$358 ,2/24/15,$368 ,2/24/15,$506 ,2/24/15,$702 ,2/24/15,$635 
12/10/14,1351.00,12/10/14,"$2,472 ",12/10/14,"$2,014 ",12/10/14,"$1,203 ",12/10/14,"$1,595 ",12/10/14,$629 ,12/10/14,$87 ,12/10/14,$546 ,12/10/14,$139 ,12/10/14,$92 ,12/10/14,$50 ,12/10/14,$698 ,12/10/14,$796 ,12/10/14,$93 ,12/10/14,$207 ,12/10/14,$331 ,12/10/14,$418 ,12/10/14,$560 ,12/10/14,$478 
9/3/14,1057.00,9/3/14,"$2,147 ",9/3/14,"$1,819 ",9/3/14,"$1,102 ",9/3/14,"$1,286 ",9/3/14,$597 ,9/3/14,$51 ,9/3/14,$355 ,9/3/14,$139 ,9/3/14,$80 ,9/3/14,$66 ,9/3/14,$551 ,9/3/14,$589 ,9/3/14,$106 ,9/3/14,$180 ,9/3/14,$282 ,9/3/14,$443 ,9/3/14,$508 ,9/3/14,$343 
5/28/14,860.00,5/28/14,"$1,735 ",5/28/14,"$1,363 ",5/28/14,$811 ,5/28/14,"$1,119 ",5/28/14,$470 ,5/28/14,$44 ,5/28/14,$270 ,5/28/14,$131 ,5/28/14,$50 ,5/28/14,$63 ,5/28/14,$450 ,5/28/14,$565 ,5/28/14,$76 ,5/28/14,$150 ,5/28/14,$235 ,5/28/14,$328 ,5/28/14,$410 ,5/28/14,$248 
2/25/14,644.00,2/25/14,"$1,671 ",2/25/14,"$1,915 ",2/25/14,"$1,242 ",2/25/14,"$1,655 ",2/25/14,$391 ,2/25/14,$52 ,2/25/14,$293 ,2/25/14,$138 ,2/25/14,$64 ,2/25/14,$0 ,2/25/14,$364 ,2/25/14,$451 ,2/25/14,$65 ,2/25/14,$209 ,2/25/14,$336 ,2/25/14,$472 ,2/25/14,$538 ,2/25/14,$487 
12/10/13,1045.00,12/10/13,"$1,860 ",12/10/13,"$1,603 ",12/10/13,"$1,189 ",12/10/13,"$1,582 ",12/10/13,$634 ,12/10/13,$35 ,12/10/13,$438 ,12/10/13,$130 ,12/10/13,$41 ,12/10/13,$0 ,12/10/13,$592 ,12/10/13,$619 ,12/10/13,$38 ,12/10/13,$151 ,12/10/13,$275 ,12/10/13,$448 ,12/10/13,$494 ,12/10/13,$324 
8/21/13,689.00,8/21/13,"$1,693 ",8/21/13,"$1,427 ",8/21/13,"$1,010 ",8/21/13,"$1,279 ",8/21/13,$509 ,8/21/13,$29 ,8/21/13,$314 ,8/21/13,$134 ,8/21/13,$41 ,8/21/13,$0 ,8/21/13,$478 ,8/21/13,$549 ,8/21/13,$37 ,8/21/13,$131 ,8/21/13,$235 ,8/21/13,$416 ,8/21/13,$451 ,8/21/13,$51 
5/22/13,516.00,5/22/13,"$1,432 ",5/22/13,$990 ,5/22/13,$770 ,5/22/13,"$1,163 ",5/22/13,$382 ,5/22/13,$25 ,5/22/13,$288 ,5/22/13,$109 ,5/22/13,$25 ,5/22/13,$0 ,5/22/13,$423 ,5/22/13,$524 ,5/22/13,$22 ,5/22/13,$81 ,5/22/13,$191 ,5/22/13,$344 ,5/22/13,$337 ,5/22/13,$28 
2/20/13,425.00,2/20/13,"$1,275 ",2/20/13,"$1,350 ",2/20/13,$944 ,2/20/13,"$1,567 ",2/20/13,"$1,436 ",2/20/13,$32 ,2/20/13,$247 ,2/20/13,$115 ,2/20/13,$0 ,2/20/13,($305),2/20/13,$358 ,2/20/13,$405 ,2/20/13,$0 ,2/20/13,$110 ,2/20/13,$251 ,2/20/13,$406 ,2/20/13,$365 ,2/20/13,$56 
12/4/12,633.00,12/4/12,"$1,336 ",12/4/12,"$1,100 ",12/4/12,$871 ,12/4/12,"$1,303 ",12/4/12,$321 ,12/4/12,$29 ,12/4/12,$371 ,12/4/12,$110 ,12/4/12,,12/4/12,$116 ,12/4/12,$487 ,12/4/12,$578 ,12/4/12,$24 ,12/4/12,$93 ,12/4/12,$209 ,12/4/12,$334 ,12/4/12,$343 ,12/4/12,$10 
8/22/12,554.00,8/22/12,"$1,150 ",8/22/12,$930 ,8/22/12,$770 ,8/22/12,"$1,069 ",8/22/12,$318 ,8/22/12,$19 ,8/22/12,$255 ,8/22/12,$119 ,8/22/12,,8/22/12,$123 ,8/22/12,$387 ,8/22/12,$425 ,8/22/12,$0 ,8/22/12,$151 ,8/22/12,$171 ,8/22/12,$269 ,8/22/12,$282 ,8/22/12,$8 
5/23/12,374.00,5/23/12,$961 ,5/23/12,$725 ,5/23/12,$600 ,5/23/12,$881 ,5/23/12,$239 ,5/23/12,$27 ,5/23/12,$192 ,5/23/12,$100 ,5/23/12,,5/23/12,$139 ,5/23/12,$342 ,5/23/12,$303 ,5/23/12,,5/23/12,$44 ,5/23/12,$131 ,5/23/12,$194 ,5/23/12,$204 ,5/23/12,$5 
2/22/12,322.00,2/22/12,$907 ,2/22/12,$953 ,2/22/12,$741 ,2/22/12,"$1,262 ",2/22/12,$0 ,2/22/12,$34 ,2/22/12,$189 ,2/22/12,$115 ,2/22/12,,2/22/12,$164 ,2/22/12,$270 ,2/22/12,$255 ,2/22/12,,2/22/12,$65 ,2/22/12,$177 ,2/22/12,$246 ,2/22/12,$246 ,2/22/12,$0 
12/6/11,428.00,12/6/11,"$1,098 ",12/6/11,$820 ,12/6/11,$707 ,12/6/11,"$1,142 ",12/6/11,,12/6/11,$15 ,12/6/11,$335 ,12/6/11,$130 ,12/6/11,,12/6/11,$163 ,12/6/11,$342 ,12/6/11,$480 ,12/6/11,,12/6/11,$60 ,12/6/11,$142 ,12/6/11,$212 ,12/6/11,$218 ,12/6/11,
8/24/11,394.00,8/24/11,$999 ,8/24/11,$764 ,8/24/11,$696 ,8/24/11,$927 ,8/24/11,,8/24/11,$28 ,8/24/11,$173 ,8/24/11,$99 ,8/24/11,,8/24/11,$169 ,8/24/11,$286 ,8/24/11,$367 ,8/24/11,,8/24/11,$63 ,8/24/11,$137 ,8/24/11,$215 ,8/24/11,$220 ,8/24/11,
5/25/11,320.00,5/25/11,$751 ,5/25/11,$558 ,5/25/11,$515 ,5/25/11,$805 ,5/25/11,,5/25/11,$12 ,5/25/11,$126 ,5/25/11,$39 ,5/25/11,,5/25/11,$158 ,5/25/11,$255 ,5/25/11,$272 ,5/25/11,,5/25/11,$39 ,5/25/11,$111 ,5/25/11,$169 ,5/25/11,$178 ,5/25/11,
2/23/11,334.00,2/23/11,$788 ,2/23/11,$860 ,2/23/11,$811 ,2/23/11,"$1,185 ",2/23/11,,2/23/11,$23 ,2/23/11,$109 ,2/23/11,$40 ,2/23/11,,2/23/11,$141 ,2/23/11,$253 ,2/23/11,$197 ,2/23/11,,2/23/11,$90 ,2/23/11,$165 ,2/23/11,$258 ,2/23/11,$215 ,2/23/11,
12/2/10,403.00,12/2/10,$948 ,12/2/10,$825 ,12/2/10,$676 ,12/2/10,"$1,058 ",12/2/10,,12/2/10,$10 ,12/2/10,$264 ,12/2/10,$46 ,12/2/10,,12/2/10,$115 ,12/2/10,$353 ,12/2/10,$451 ,12/2/10,,12/2/10,$75 ,12/2/10,$136 ,12/2/10,$226 ,12/2/10,$234 ,12/2/10,
8/25/10,454.00,8/25/10,"$1,406 ",8/25/10,$814 ,8/25/10,$965 ,8/25/10,"$1,306 ",8/25/10,,8/25/10,$17 ,8/25/10,$322 ,8/25/10,$48 ,8/25/10,,8/25/10,$96 ,8/25/10,$381 ,8/25/10,$501 ,8/25/10,,8/25/10,$87 ,8/25/10,$196 ,8/25/10,$326 ,8/25/10,$291 ,8/25/10,
5/26/10,311.00,5/26/10,$914 ,5/26/10,$574 ,5/26/10,$590 ,5/26/10,"$1,020 ",5/26/10,,5/26/10,$10 ,5/26/10,$192 ,5/26/10,$36 ,5/26/10,,5/26/10,$101 ,5/26/10,$319 ,5/26/10,$374 ,5/26/10,,5/26/10,$43 ,5/26/10,$119 ,5/26/10,$147 ,5/26/10,$202 ,5/26/10,
2/24/10,327.00,2/24/10,"$1,132 ",2/24/10,$914 ,2/24/10,$746 ,2/24/10,"$1,731 ",2/24/10,,2/24/10,$21 ,2/24/10,$213 ,2/24/10,$36 ,2/24/10,,2/24/10,$120 ,2/24/10,$320 ,2/24/10,$264 ,2/24/10,,2/24/10,$95 ,2/24/10,$205 ,2/24/10,$324 ,2/24/10,$286 ,2/24/10,
12/3/09,487.00,12/3/09,"$1,029 ",12/3/09,$721 ,12/3/09,$814 ,12/3/09,"$1,091 ",12/3/09,,12/3/09,$18 ,12/3/09,$333 ,12/3/09,$29 ,12/3/09,,12/3/09,$91 ,12/3/09,$437 ,12/3/09,$675 ,12/3/09,,12/3/09,$67 ,12/3/09,$153 ,12/3/09,$203 ,12/3/09,$232 ,12/3/09,
8/27/09,461.00,8/27/09,$933 ,8/27/09,$892 ,8/27/09,$625 ,8/27/09,$679 ,8/27/09,,8/27/09,$19 ,8/27/09,$224 ,8/27/09,$14 ,8/27/09,,8/27/09,$106 ,8/27/09,$387 ,8/27/09,$458 ,8/27/09,,8/27/09,$77 ,8/27/09,$116 ,8/27/09,$195 ,8/27/09,$222 ,8/27/09,
6/3/09,398.00,6/3/09,$778 ,6/3/09,$593 ,6/3/09,$559 ,6/3/09,$584 ,6/3/09,,6/3/09,$15 ,6/3/09,$187 ,6/3/09,$15 ,6/3/09,,6/3/09,$97 ,6/3/09,$398 ,6/3/09,$384 ,6/3/09,,6/3/09,$69 ,6/3/09,$96 ,6/3/09,$176 ,6/3/09,$231 ,6/3/09,
2/24/09,409.00,2/24/09,$918 ,2/24/09,"$1,278 ",2/24/09,$910 ,2/24/09,"$1,637 ",2/24/09,,2/24/09,$33 ,2/24/09,$218 ,2/24/09,$25 ,2/24/09,,2/24/09,$89 ,2/24/09,$374 ,2/24/09,$307 ,2/24/09,,2/24/09,$146 ,2/24/09,$150 ,2/24/09,$296 ,2/24/09,$400 ,2/24/09,
12/3/08,691.00,12/3/08,"$1,782 ",12/3/08,"$1,107 ",12/3/08,$939 ,12/3/08,"$1,558 ",12/3/08,,12/3/08,$22 ,12/3/08,$375 ,12/3/08,$30 ,12/3/08,,12/3/08,$91 ,12/3/08,$721 ,12/3/08,$919 ,12/3/08,,12/3/08,$102 ,12/3/08,$160 ,12/3/08,$363 ,12/3/08,$375 ,12/3/08,
8/27/08,797.00,8/27/08,"$1,464 ",8/27/08,"$1,128 ",8/27/08,$956 ,8/27/08,"$1,619 ",8/27/08,,8/27/08,$25 ,8/27/08,$456 ,8/27/08,$36 ,8/27/08,,8/27/08,$0 ,8/27/08,$717 ,8/27/08,$682 ,8/27/08,,8/27/08,$140 ,8/27/08,$141 ,8/27/08,$403 ,8/27/08,$375 ,8/27/08,
6/3/08,818.00,6/3/08,"$1,657 ",6/3/08,"$1,063 ",6/3/08,$888 ,6/3/08,"$1,449 ",6/3/08,,6/3/08,$31 ,6/3/08,$405 ,6/3/08,$34 ,6/3/08,,6/3/08,$0 ,6/3/08,$776 ,6/3/08,$639 ,6/3/08,,6/3/08,$137 ,6/3/08,$156 ,6/3/08,$396 ,6/3/08,$373 ,6/3/08,
2/24/08,842.00,2/24/08,"$1,743 ",2/24/08,"$2,177 ",2/24/08,"$1,427 ",2/24/08,"$2,892 ",2/24/08,,2/24/08,$61 ,2/24/08,$501 ,2/24/08,$32 ,2/24/08,,2/24/08,$0 ,2/24/08,"$1,094 ",2/24/08,$794 ,2/24/08,,2/24/08,$446 ,2/24/08,$340 ,2/24/08,$737 ,2/24/08,$619 ,2/24/08,
12/3/07,1157.00,12/3/07,"$3,172 ",12/3/07,"$2,342 ",12/3/07,"$1,292 ",12/3/07,"$2,472 ",12/3/07,,12/3/07,$57 ,12/3/07,$657 ,12/3/07,$38 ,12/3/07,,12/3/07,$0 ,12/3/07,"$1,392 ",12/3/07,"$2,071 ",12/3/07,,12/3/07,$182 ,12/3/07,$233 ,12/3/07,$687 ,12/3/07,$579 ,12/3/07,
8/27/07,1212.00,8/27/07,"$2,598 ",8/27/07,"$2,876 ",8/27/07,"$1,317 ",8/27/07,"$2,021 ",8/27/07,,8/27/07,$81 ,8/27/07,$753 ,8/27/07,$37 ,8/27/07,,8/27/07,$0 ,8/27/07,"$1,131 ",8/27/07,"$1,544 ",8/27/07,,8/27/07,$271 ,8/27/07,$226 ,8/27/07,$717 ,8/27/07,$569 ,8/27/07,
6/3/07,1175.00,6/3/07,"$2,658 ",6/3/07,"$2,792 ",6/3/07,"$1,093 ",6/3/07,"$1,871 ",6/3/07,,6/3/07,$92 ,6/3/07,$824 ,6/3/07,$34 ,6/3/07,,6/3/07,$0 ,6/3/07,"$1,111 ",6/3/07,"$1,413 ",6/3/07,,6/3/07,$206 ,6/3/07,$217 ,6/3/07,$745 ,6/3/07,$577 ,6/3/07,
2/24/07,1091.00,2/24/07,"$2,868 ",2/24/07,"$4,266 ",2/24/07,"$1,627 ",2/24/07,"$4,389 ",2/24/07,,2/24/07,$351 ,2/24/07,$803 ,2/24/07,$38 ,2/24/07,,2/24/07,$0 ,2/24/07,"$1,166 ",2/24/07,"$1,389 ",2/24/07,,2/24/07,$465 ,2/24/07,$397 ,2/24/07,"$1,335 ",2/24/07,$821 ,2/24/07,
12/3/06,1809.00,12/3/06,"$4,883 ",12/3/06,"$4,182 ",12/3/06,"$1,553 ",12/3/06,"$3,564 ",12/3/06,,12/3/06,$158 ,12/3/06,"$1,755 ",12/3/06,$43 ,12/3/06,,12/3/06,$0 ,12/3/06,"$1,746 ",12/3/06,"$2,702 ",12/3/06,,12/3/06,$311 ,12/3/06,$306 ,12/3/06,"$1,081 ",12/3/06,$878 ,12/3/06,
8/27/06,1531.00,8/27/06,"$3,668 ",8/27/06,"$4,578 ",8/27/06,"$1,749 ",8/27/06,"$3,359 ",8/27/06,,8/27/06,$171 ,8/27/06,"$1,192 ",8/27/06,$54 ,8/27/06,,8/27/06,,8/27/06,"$1,551 ",8/27/06,"$2,284 ",8/27/06,,8/27/06,$408 ,8/27/06,$312 ,8/27/06,"$1,232 ",8/27/06,$915 ,8/27/06,
6/3/06,1443.00,6/3/06,"$3,598 ",6/3/06,"$3,241 ",6/3/06,"$1,205 ",6/3/06,"$2,963 ",6/3/06,,6/3/06,$155 ,6/3/06,"$1,269 ",6/3/06,$51 ,6/3/06,,6/3/06,,6/3/06,"$1,574 ",6/3/06,"$2,202 ",6/3/06,,6/3/06,$307 ,6/3/06,$259 ,6/3/06,"$1,145 ",6/3/06,$847 ,6/3/06,
2/24/06,1341.00,2/24/06,"$2,903 ",2/24/06,"$5,030 ",2/24/06,"$1,658 ",2/24/06,"$5,132 ",2/24/06,,2/24/06,$210 ,2/24/06,"$1,106 ",2/24/06,$45 ,2/24/06,,2/24/06,,2/24/06,"$1,278 ",2/24/06,"$2,192 ",2/24/06,,2/24/06,$826 ,2/24/06,$473 ,2/24/06,"$1,745 ",2/24/06,"$1,041 ",2/24/06,
12/3/05,2020.00,12/3/05,"$5,097 ",12/3/05,"$3,498 ",12/3/05,"$1,373 ",12/3/05,"$3,794 ",12/3/05,,12/3/05,$108 ,12/3/05,"$1,812 ",12/3/05,$47 ,12/3/05,,12/3/05,,12/3/05,"$1,772 ",12/3/05,"$1,863 ",12/3/05,,12/3/05,$376 ,12/3/05,$332 ,12/3/05,"$1,168 ",12/3/05,$755 ,12/3/05,
8/27/05,1547.00,8/27/05,"$3,370 ",8/27/05,"$2,933 ",8/27/05,"$1,278 ",8/27/05,"$3,251 ",8/27/05,,8/27/05,$107 ,8/27/05,"$1,293 ",8/27/05,$46 ,8/27/05,,8/27/05,,8/27/05,"$1,313 ",8/27/05,"$2,525 ",8/27/05,,8/27/05,$407 ,8/27/05,$266 ,8/27/05,"$1,046 ",8/27/05,$654 ,8/27/05,
6/3/05,1236.00,6/3/05,"$2,877 ",6/3/05,"$2,406 ",6/3/05,$953 ,6/3/05,"$2,518 ",6/3/05,,6/3/05,$91 ,6/3/05,$976 ,6/3/05,$44 ,6/3/05,,6/3/05,,6/3/05,"$1,209 ",6/3/05,"$2,130 ",6/3/05,,6/3/05,$247 ,6/3/05,$241 ,6/3/05,$934 ,6/3/05,$551 ,6/3/05,
2/24/05,990.00,2/24/05,,2/24/05,,2/24/05,,2/24/05,,2/24/05,,2/24/05,,2/24/05,,2/24/05,,2/24/05,,2/24/05,,2/24/05,"$1,055 ",2/24/05,"$1,636 ",2/24/05,,2/24/05,,2/24/05,,2/24/05,,2/24/05,,2/24/05,
12/3/04,,12/3/04,,12/3/04,,12/3/04,,12/3/04,,12/3/04,,12/3/04,,12/3/04,,12/3/04,,12/3/04,,12/3/04,,12/3/04,,12/3/04,,12/3/04,,12/3/04,,12/3/04,,12/3/04,,12/3/04,,12/3/04,
8/27/04,,8/27/04,,8/27/04,,8/27/04,,8/27/04,,8/27/04,,8/27/04,,8/27/04,,8/27/04,,8/27/04,,8/27/04,,8/27/04,,8/27/04,,8/27/04,,8/27/04,,8/27/04,,8/27/04,,8/27/04,,8/27/04,
6/3/04,,6/3/04,,6/3/04,,6/3/04,,6/3/04,,6/3/04,,6/3/04,,6/3/04,,6/3/04,,6/3/04,,6/3/04,,6/3/04,,6/3/04,,6/3/04,,6/3/04,,6/3/04,,6/3/04,,6/3/04,,6/3/04,
2/24/04,,2/24/04,,2/24/04,,2/24/04,,2/24/04,,2/24/04,,2/24/04,,2/24/04,,2/24/04,,2/24/04,,2/24/04,,2/24/04,,2/24/04,,2/24/04,,2/24/04,,2/24/04,,2/24/04,,2/24/04,,2/24/04,
12/3/03,,12/3/03,,12/3/03,,12/3/03,,12/3/03,,12/3/03,,12/3/03,,12/3/03,,12/3/03,,12/3/03,,12/3/03,,12/3/03,,12/3/03,,12/3/03,,12/3/03,,12/3/03,,12/3/03,,12/3/03,,12/3/03,
8/27/03,,8/27/03,,8/27/03,,8/27/03,,8/27/03,,8/27/03,,8/27/03,,8/27/03,,8/27/03,,8/27/03,,8/27/03,,8/27/03,,8/27/03,,8/27/03,,8/27/03,,8/27/03,,8/27/03,,8/27/03,,8/27/03,
6/3/03,,6/3/03,,6/3/03,,6/3/03,,6/3/03,,6/3/03,,6/3/03,,6/3/03,,6/3/03,,6/3/03,,6/3/03,,6/3/03,,6/3/03,,6/3/03,,6/3/03,,6/3/03,,6/3/03,,6/3/03,,6/3/03,
2/24/03,,2/24/03,,2/24/03,,2/24/03,,2/24/03,,2/24/03,,2/24/03,,2/24/03,,2/24/03,,2/24/03,,2/24/03,,2/24/03,,2/24/03,,2/24/03,,2/24/03,,2/24/03,,2/24/03,,2/24/03,,2/24/03,
12/3/02,,12/3/02,,12/3/02,,12/3/02,,12/3/02,,12/3/02,,12/3/02,,12/3/02,,12/3/02,,12/3/02,,12/3/02,,12/3/02,,12/3/02,,12/3/02,,12/3/02,,12/3/02,,12/3/02,,12/3/02,,12/3/02,
8/27/02,,8/27/02,,8/27/02,,8/27/02,,8/27/02,,8/27/02,,8/27/02,,8/27/02,,8/27/02,,8/27/02,,8/27/02,,8/27/02,,8/27/02,,8/27/02,,8/27/02,,8/27/02,,8/27/02,,8/27/02,,8/27/02,
6/3/02,,6/3/02,,6/3/02,,6/3/02,,6/3/02,,6/3/02,,6/3/02,,6/3/02,,6/3/02,,6/3/02,,6/3/02,,6/3/02,,6/3/02,,6/3/02,,6/3/02,,6/3/02,,6/3/02,,6/3/02,,6/3/02,
2/24/02,,2/24/02,,2/24/02,,2/24/02,,2/24/02,,2/24/02,,2/24/02,,2/24/02,,2/24/02,,2/24/02,,2/24/02,,2/24/02,,2/24/02,,2/24/02,,2/24/02,,2/24/02,,2/24/02,,2/24/02,,2/24/02,
12/3/01,,12/3/01,,12/3/01,,12/3/01,,12/3/01,,12/3/01,,12/3/01,,12/3/01,,12/3/01,,12/3/01,,12/3/01,,12/3/01,,12/3/01,,12/3/01,,12/3/01,,12/3/01,,12/3/01,,12/3/01,,12/3/01,
8/27/01,,8/27/01,,8/27/01,,8/27/01,,8/27/01,,8/27/01,,8/27/01,,8/27/01,,8/27/01,,8/27/01,,8/27/01,,8/27/01,,8/27/01,,8/27/01,,8/27/01,,8/27/01,,8/27/01,,8/27/01,,8/27/01,
6/3/01,,6/3/01,,6/3/01,,6/3/01,,6/3/01,,6/3/01,,6/3/01,,6/3/01,,6/3/01,,6/3/01,,6/3/01,,6/3/01,,6/3/01,,6/3/01,,6/3/01,,6/3/01,,6/3/01,,6/3/01,,6/3/01,
2/24/01,,2/24/01,,2/24/01,,2/24/01,,2/24/01,,2/24/01,,2/24/01,,2/24/01,,2/24/01,,2/24/01,,2/24/01,,2/24/01,,2/24/01,,2/24/01,,2/24/01,,2/24/01,,2/24/01,,2/24/01,,2/24/01,
12/3/00,,12/3/00,,12/3/00,,12/3/00,,12/3/00,,12/3/00,,12/3/00,,12/3/00,,12/3/00,,12/3/00,,12/3/00,,12/3/00,,12/3/00,,12/3/00,,12/3/00,,12/3/00,,12/3/00,,12/3/00,,12/3/00,
8/27/00,,8/27/00,,8/27/00,,8/27/00,,8/27/00,,8/27/00,,8/27/00,,8/27/00,,8/27/00,,8/27/00,,8/27/00,,8/27/00,,8/27/00,,8/27/00,,8/27/00,,8/27/00,,8/27/00,,8/27/00,,8/27/00,
6/3/00,,6/3/00,,6/3/00,,6/3/00,,6/3/00,,6/3/00,,6/3/00,,6/3/00,,6/3/00,,6/3/00,,6/3/00,,6/3/00,,6/3/00,,6/3/00,,6/3/00,,6/3/00,,6/3/00,,6/3/00,,6/3/00,
2/24/00,,2/24/00,,2/24/00,,2/24/00,,2/24/00,,2/24/00,,2/24/00,,2/24/00,,2/24/00,,2/24/00,,2/24/00,,2/24/00,,2/24/00,,2/24/00,,2/24/00,,2/24/00,,2/24/00,,2/24/00,,2/24/00,
12/3/99,,12/3/99,,12/3/99,,12/3/99,,12/3/99,,12/3/99,,12/3/99,,12/3/99,,12/3/99,,12/3/99,,12/3/99,,12/3/99,,12/3/99,,12/3/99,,12/3/99,,12/3/99,,12/3/99,,12/3/99,,12/3/99,
8/27/99,,8/27/99,,8/27/99,,8/27/99,,8/27/99,,8/27/99,,8/27/99,,8/27/99,,8/27/99,,8/27/99,,8/27/99,,8/27/99,,8/27/99,,8/27/99,,8/27/99,,8/27/99,,8/27/99,,8/27/99,,8/27/99,
6/3/99,,6/3/99,,6/3/99,,6/3/99,,6/3/99,,6/3/99,,6/3/99,,6/3/99,,6/3/99,,6/3/99,,6/3/99,,6/3/99,,6/3/99,,6/3/99,,6/3/99,,6/3/99,,6/3/99,,6/3/99,,6/3/99,
2/24/99,,2/24/99,,2/24/99,,2/24/99,,2/24/99,,2/24/99,,2/24/99,,2/24/99,,2/24/99,,2/24/99,,2/24/99,,2/24/99,,2/24/99,,2/24/99,,2/24/99,,2/24/99,,2/24/99,,2/24/99,,2/24/99,
12/3/98,,12/3/98,,12/3/98,,12/3/98,,12/3/98,,12/3/98,,12/3/98,,12/3/98,,12/3/98,,12/3/98,,12/3/98,,12/3/98,,12/3/98,,12/3/98,,12/3/98,,12/3/98,,12/3/98,,12/3/98,,12/3/98,
8/27/98,,8/27/98,,8/27/98,,8/27/98,,8/27/98,,8/27/98,,8/27/98,,8/27/98,,8/27/98,,8/27/98,,8/27/98,,8/27/98,,8/27/98,,8/27/98,,8/27/98,,8/27/98,,8/27/98,,8/27/98,,8/27/98,
6/3/98,,6/3/98,,6/3/98,,6/3/98,,6/3/98,,6/3/98,,6/3/98,,6/3/98,,6/3/98,,6/3/98,,6/3/98,,6/3/98,,6/3/98,,6/3/98,,6/3/98,,6/3/98,,6/3/98,,6/3/98,,6/3/98,
2/24/98,,2/24/98,,2/24/98,,2/24/98,,2/24/98,,2/24/98,,2/24/98,,2/24/98,,2/24/98,,2/24/98,,2/24/98,,2/24/98,,2/24/98,,2/24/98,,2/24/98,,2/24/98,,2/24/98,,2/24/98,,2/24/98,
12/3/97,,12/3/97,,12/3/97,,12/3/97,,12/3/97,,12/3/97,,12/3/97,,12/3/97,,12/3/97,,12/3/97,,12/3/97,,12/3/97,,12/3/97,,12/3/97,,12/3/97,,12/3/97,,12/3/97,,12/3/97,,12/3/97,
8/27/97,,8/27/97,,8/27/97,,8/27/97,,8/27/97,,8/27/97,,8/27/97,,8/27/97,,8/27/97,,8/27/97,,8/27/97,,8/27/97,,8/27/97,,8/27/97,,8/27/97,,8/27/97,,8/27/97,,8/27/97,,8/27/97,
6/3/97,,6/3/97,,6/3/97,,6/3/97,,6/3/97,,6/3/97,,6/3/97,,6/3/97,,6/3/97,,6/3/97,,6/3/97,,6/3/97,,6/3/97,,6/3/97,,6/3/97,,6/3/97,,6/3/97,,6/3/97,,6/3/97,
2/24/97,,2/24/97,,2/24/97,,2/24/97,,2/24/97,,2/24/97,,2/24/97,,2/24/97,,2/24/97,,2/24/97,,2/24/97,,2/24/97,,2/24/97,,2/24/97,,2/24/97,,2/24/97,,2/24/97,,2/24/97,,2/24/97,
12/3/96,,12/3/96,,12/3/96,,12/3/96,,12/3/96,,12/3/96,,12/3/96,,12/3/96,,12/3/96,,12/3/96,,12/3/96,,12/3/96,,12/3/96,,12/3/96,,12/3/96,,12/3/96,,12/3/96,,12/3/96,,12/3/96,
8/27/96,,8/27/96,,8/27/96,,8/27/96,,8/27/96,,8/27/96,,8/27/96,,8/27/96,,8/27/96,,8/27/96,,8/27/96,,8/27/96,,8/27/96,,8/27/96,,8/27/96,,8/27/96,,8/27/96,,8/27/96,,8/27/96,
6/3/96,,6/3/96,,6/3/96,,6/3/96,,6/3/96,,6/3/96,,6/3/96,,6/3/96,,6/3/96,,6/3/96,,6/3/96,,6/3/96,,6/3/96,,6/3/96,,6/3/96,,6/3/96,,6/3/96,,6/3/96,,6/3/96,
2/24/96,,2/24/96,,2/24/96,,2/24/96,,2/24/96,,2/24/96,,2/24/96,,2/24/96,,2/24/96,,2/24/96,,2/24/96,,2/24/96,,2/24/96,,2/24/96,,2/24/96,,2/24/96,,2/24/96,,2/24/96,,2/24/96,
12/3/95,,12/3/95,,12/3/95,,12/3/95,,12/3/95,,12/3/95,,12/3/95,,12/3/95,,12/3/95,,12/3/95,,12/3/95,,12/3/95,,12/3/95,,12/3/95,,12/3/95,,12/3/95,,12/3/95,,12/3/95,,12/3/95,
8/27/95,,8/27/95,,8/27/95,,8/27/95,,8/27/95,,8/27/95,,8/27/95,,8/27/95,,8/27/95,,8/27/95,,8/27/95,,8/27/95,,8/27/95,,8/27/95,,8/27/95,,8/27/95,,8/27/95,,8/27/95,,8/27/95,
6/3/95,,6/3/95,,6/3/95,,6/3/95,,6/3/95,,6/3/95,,6/3/95,,6/3/95,,6/3/95,,6/3/95,,6/3/95,,6/3/95,,6/3/95,,6/3/95,,6/3/95,,6/3/95,,6/3/95,,6/3/95,,6/3/95,
2/24/95,,2/24/95,,2/24/95,,2/24/95,,2/24/95,,2/24/95,,2/24/95,,2/24/95,,2/24/95,,2/24/95,,2/24/95,,2/24/95,,2/24/95,,2/24/95,,2/24/95,,2/24/95,,2/24/95,,2/24/95,,2/24/95,
12/3/94,,12/3/94,,12/3/94,,12/3/94,,12/3/94,,12/3/94,,12/3/94,,12/3/94,,12/3/94,,12/3/94,,12/3/94,,12/3/94,,12/3/94,,12/3/94,,12/3/94,,12/3/94,,12/3/94,,12/3/94,,12/3/94,
8/27/94,,8/27/94,,8/27/94,,8/27/94,,8/27/94,,8/27/94,,8/27/94,,8/27/94,,8/27/94,,8/27/94,,8/27/94,,8/27/94,,8/27/94,,8/27/94,,8/27/94,,8/27/94,,8/27/94,,8/27/94,,8/27/94,
6/3/94,,6/3/94,,6/3/94,,6/3/94,,6/3/94,,6/3/94,,6/3/94,,6/3/94,,6/3/94,,6/3/94,,6/3/94,,6/3/94,,6/3/94,,6/3/94,,6/3/94,,6/3/94,,6/3/94,,6/3/94,,6/3/94,
2/24/94,,2/24/94,,2/24/94,,2/24/94,,2/24/94,,2/24/94,,2/24/94,,2/24/94,,2/24/94,,2/24/94,,2/24/94,,2/24/94,,2/24/94,,2/24/94,,2/24/94,,2/24/94,,2/24/94,,2/24/94,,2/24/94,
12/3/93,,12/3/93,,12/3/93,,12/3/93,,12/3/93,,12/3/93,,12/3/93,,12/3/93,,12/3/93,,12/3/93,,12/3/93,,12/3/93,,12/3/93,,12/3/93,,12/3/93,,12/3/93,,12/3/93,,12/3/93,,12/3/93,
8/27/93,,8/27/93,,8/27/93,,8/27/93,,8/27/93,,8/27/93,,8/27/93,,8/27/93,,8/27/93,,8/27/93,,8/27/93,,8/27/93,,8/27/93,,8/27/93,,8/27/93,,8/27/93,,8/27/93,,8/27/93,,8/27/93,
6/3/93,,6/3/93,,6/3/93,,6/3/93,,6/3/93,,6/3/93,,6/3/93,,6/3/93,,6/3/93,,6/3/93,,6/3/93,,6/3/93,,6/3/93,,6/3/93,,6/3/93,,6/3/93,,6/3/93,,6/3/93,,6/3/93,
2/24/93,,2/24/93,,2/24/93,,2/24/93,,2/24/93,,2/24/93,,2/24/93,,2/24/93,,2/24/93,,2/24/93,,2/24/93,,2/24/93,,2/24/93,,2/24/93,,2/24/93,,2/24/93,,2/24/93,,2/24/93,,2/24/93,
12/3/92,,12/3/92,,12/3/92,,12/3/92,,12/3/92,,12/3/92,,12/3/92,,12/3/92,,12/3/92,,12/3/92,,12/3/92,,12/3/92,,12/3/92,,12/3/92,,12/3/92,,12/3/92,,12/3/92,,12/3/92,,12/3/92,
8/27/92,,8/27/92,,8/27/92,,8/27/92,,8/27/92,,8/27/92,,8/27/92,,8/27/92,,8/27/92,,8/27/92,,8/27/92,,8/27/92,,8/27/92,,8/27/92,,8/27/92,,8/27/92,,8/27/92,,8/27/92,,8/27/92,
6/3/92,,6/3/92,,6/3/92,,6/3/92,,6/3/92,,6/3/92,,6/3/92,,6/3/92,,6/3/92,,6/3/92,,6/3/92,,6/3/92,,6/3/92,,6/3/92,,6/3/92,,6/3/92,,6/3/92,,6/3/92,,6/3/92,
2/24/92,,2/24/92,,2/24/92,,2/24/92,,2/24/92,,2/24/92,,2/24/92,,2/24/92,,2/24/92,,2/24/92,,2/24/92,,2/24/92,,2/24/92,,2/24/92,,2/24/92,,2/24/92,,2/24/92,,2/24/92,,2/24/92,
12/3/91,,12/3/91,,12/3/91,,12/3/91,,12/3/91,,12/3/91,,12/3/91,,12/3/91,,12/3/91,,12/3/91,,12/3/91,,12/3/91,,12/3/91,,12/3/91,,12/3/91,,12/3/91,,12/3/91,,12/3/91,,12/3/91,
8/27/91,,8/27/91,,8/27/91,,8/27/91,,8/27/91,,8/27/91,,8/27/91,,8/27/91,,8/27/91,,8/27/91,,8/27/91,,8/27/91,,8/27/91,,8/27/91,,8/27/91,,8/27/91,,8/27/91,,8/27/91,,8/27/91,
6/3/91,,6/3/91,,6/3/91,,6/3/91,,6/3/91,,6/3/91,,6/3/91,,6/3/91,,6/3/91,,6/3/91,,6/3/91,,6/3/91,,6/3/91,,6/3/91,,6/3/91,,6/3/91,,6/3/91,,6/3/91,,6/3/91,
2/24/91,,2/24/91,,2/24/91,,2/24/91,,2/24/91,,2/24/91,,2/24/91,,2/24/91,,2/24/91,,2/24/91,,2/24/91,,2/24/91,,2/24/91,,2/24/91,,2/24/91,,2/24/91,,2/24/91,,2/24/91,,2/24/91,
12/3/90,,12/3/90,,12/3/90,,12/3/90,,12/3/90,,12/3/90,,12/3/90,,12/3/90,,12/3/90,,12/3/90,,12/3/90,,12/3/90,,12/3/90,,12/3/90,,12/3/90,,12/3/90,,12/3/90,,12/3/90,,12/3/90,
8/27/90,,8/27/90,,8/27/90,,8/27/90,,8/27/90,,8/27/90,,8/27/90,,8/27/90,,8/27/90,,8/27/90,,8/27/90,,8/27/90,,8/27/90,,8/27/90,,8/27/90,,8/27/90,,8/27/90,,8/27/90,,8/27/90,
6/3/90,,6/3/90,,6/3/90,,6/3/90,,6/3/90,,6/3/90,,6/3/90,,6/3/90,,6/3/90,,6/3/90,,6/3/90,,6/3/90,,6/3/90,,6/3/90,,6/3/90,,6/3/90,,6/3/90,,6/3/90,,6/3/90,
2/24/90,,2/24/90,,2/24/90,,2/24/90,,2/24/90,,2/24/90,,2/24/90,,2/24/90,,2/24/90,,2/24/90,,2/24/90,,2/24/90,,2/24/90,,2/24/90,,2/24/90,,2/24/90,,2/24/90,,2/24/90,,2/24/90,
12/3/89,,12/3/89,,12/3/89,,12/3/89,,12/3/89,,12/3/89,,12/3/89,,12/3/89,,12/3/89,,12/3/89,,12/3/89,,12/3/89,,12/3/89,,12/3/89,,12/3/89,,12/3/89,,12/3/89,,12/3/89,,12/3/89,
8/27/89,,8/27/89,,8/27/89,,8/27/89,,8/27/89,,8/27/89,,8/27/89,,8/27/89,,8/27/89,,8/27/89,,8/27/89,,8/27/89,,8/27/89,,8/27/89,,8/27/89,,8/27/89,,8/27/89,,8/27/89,,8/27/89,
6/3/89,,6/3/89,,6/3/89,,6/3/89,,6/3/89,,6/3/89,,6/3/89,,6/3/89,,6/3/89,,6/3/89,,6/3/89,,6/3/89,,6/3/89,,6/3/89,,6/3/89,,6/3/89,,6/3/89,,6/3/89,,6/3/89,
2/24/89,,2/24/89,,2/24/89,,2/24/89,,2/24/89,,2/24/89,,2/24/89,,2/24/89,,2/24/89,,2/24/89,,2/24/89,,2/24/89,,2/24/89,,2/24/89,,2/24/89,,2/24/89,,2/24/89,,2/24/89,,2/24/89,
12/3/88,,12/3/88,,12/3/88,,12/3/88,,12/3/88,,12/3/88,,12/3/88,,12/3/88,,12/3/88,,12/3/88,,12/3/88,,12/3/88,,12/3/88,,12/3/88,,12/3/88,,12/3/88,,12/3/88,,12/3/88,,12/3/88,
8/27/88,,8/27/88,,8/27/88,,8/27/88,,8/27/88,,8/27/88,,8/27/88,,8/27/88,,8/27/88,,8/27/88,,8/27/88,,8/27/88,,8/27/88,,8/27/88,,8/27/88,,8/27/88,,8/27/88,,8/27/88,,8/27/88,
6/3/88,,6/3/88,,6/3/88,,6/3/88,,6/3/88,,6/3/88,,6/3/88,,6/3/88,,6/3/88,,6/3/88,,6/3/88,,6/3/88,,6/3/88,,6/3/88,,6/3/88,,6/3/88,,6/3/88,,6/3/88,,6/3/88,
2/24/88,,2/24/88,,2/24/88,,2/24/88,,2/24/88,,2/24/88,,2/24/88,,2/24/88,,2/24/88,,2/24/88,,2/24/88,,2/24/88,,2/24/88,,2/24/88,,2/24/88,,2/24/88,,2/24/88,,2/24/88,,2/24/88,
12/3/87,,12/3/87,,12/3/87,,12/3/87,,12/3/87,,12/3/87,,12/3/87,,12/3/87,,12/3/87,,12/3/87,,12/3/87,,12/3/87,,12/3/87,,12/3/87,,12/3/87,,12/3/87,,12/3/87,,12/3/87,,12/3/87,
8/27/87,,8/27/87,,8/27/87,,8/27/87,,8/27/87,,8/27/87,,8/27/87,,8/27/87,,8/27/87,,8/27/87,,8/27/87,,8/27/87,,8/27/87,,8/27/87,,8/27/87,,8/27/87,,8/27/87,,8/27/87,,8/27/87,
6/3/87,,6/3/87,,6/3/87,,6/3/87,,6/3/87,,6/3/87,,6/3/87,,6/3/87,,6/3/87,,6/3/87,,6/3/87,,6/3/87,,6/3/87,,6/3/87,,6/3/87,,6/3/87,,6/3/87,,6/3/87,,6/3/87,
2/24/87,,2/24/87,,2/24/87,,2/24/87,,2/24/87,,2/24/87,,2/24/87,,2/24/87,,2/24/87,,2/24/87,,2/24/87,,2/24/87,,2/24/87,,2/24/87,,2/24/87,,2/24/87,,2/24/87,,2/24/87,,2/24/87,
12/3/86,,12/3/86,,12/3/86,,12/3/86,,12/3/86,,12/3/86,,12/3/86,,12/3/86,,12/3/86,,12/3/86,,12/3/86,,12/3/86,,12/3/86,,12/3/86,,12/3/86,,12/3/86,,12/3/86,,12/3/86,,12/3/86,
8/27/86,,8/27/86,,8/27/86,,8/27/86,,8/27/86,,8/27/86,,8/27/86,,8/27/86,,8/27/86,,8/27/86,,8/27/86,,8/27/86,,8/27/86,,8/27/86,,8/27/86,,8/27/86,,8/27/86,,8/27/86,,8/27/86,
6/3/86,,6/3/86,,6/3/86,,6/3/86,,6/3/86,,6/3/86,,6/3/86,,6/3/86,,6/3/86,,6/3/86,,6/3/86,,6/3/86,,6/3/86,,6/3/86,,6/3/86,,6/3/86,,6/3/86,,6/3/86,,6/3/86,
2/24/86,,2/24/86,,2/24/86,,2/24/86,,2/24/86,,2/24/86,,2/24/86,,2/24/86,,2/24/86,,2/24/86,,2/24/86,,2/24/86,,2/24/86,,2/24/86,,2/24/86,,2/24/86,,2/24/86,,2/24/86,,2/24/86,
12/3/85,,12/3/85,,12/3/85,,12/3/85,,12/3/85,,12/3/85,,12/3/85,,12/3/85,,12/3/85,,12/3/85,,12/3/85,,12/3/85,,12/3/85,,12/3/85,,12/3/85,,12/3/85,,12/3/85,,12/3/85,,12/3/85,
8/27/85,,8/27/85,,8/27/85,,8/27/85,,8/27/85,,8/27/85,,8/27/85,,8/27/85,,8/27/85,,8/27/85,,8/27/85,,8/27/85,,8/27/85,,8/27/85,,8/27/85,,8/27/85,,8/27/85,,8/27/85,,8/27/85,
6/3/85,,6/3/85,,6/3/85,,6/3/85,,6/3/85,,6/3/85,,6/3/85,,6/3/85,,6/3/85,,6/3/85,,6/3/85,,6/3/85,,6/3/85,,6/3/85,,6/3/85,,6/3/85,,6/3/85,,6/3/85,,6/3/85,
2/24/85,,2/24/85,,2/24/85,,2/24/85,,2/24/85,,2/24/85,,2/24/85,,2/24/85,,2/24/85,,2/24/85,,2/24/85,,2/24/85,,2/24/85,,2/24/85,,2/24/85,,2/24/85,,2/24/85,,2/24/85,,2/24/85,
12/3/84,,12/3/84,,12/3/84,,12/3/84,,12/3/84,,12/3/84,,12/3/84,,12/3/84,,12/3/84,,12/3/84,,12/3/84,,12/3/84,,12/3/84,,12/3/84,,12/3/84,,12/3/84,,12/3/84,,12/3/84,,12/3/84,
8/27/84,,8/27/84,,8/27/84,,8/27/84,,8/27/84,,8/27/84,,8/27/84,,8/27/84,,8/27/84,,8/27/84,,8/27/84,,8/27/84,,8/27/84,,8/27/84,,8/27/84,,8/27/84,,8/27/84,,8/27/84,,8/27/84,
6/3/84,,6/3/84,,6/3/84,,6/3/84,,6/3/84,,6/3/84,,6/3/84,,6/3/84,,6/3/84,,6/3/84,,6/3/84,,6/3/84,,6/3/84,,6/3/84,,6/3/84,,6/3/84,,6/3/84,,6/3/84,,6/3/84,
2/24/84,,2/24/84,,2/24/84,,2/24/84,,2/24/84,,2/24/84,,2/24/84,,2/24/84,,2/24/84,,2/24/84,,2/24/84,,2/24/84,,2/24/84,,2/24/84,,2/24/84,,2/24/84,,2/24/84,,2/24/84,,2/24/84,
12/3/83,,12/3/83,,12/3/83,,12/3/83,,12/3/83,,12/3/83,,12/3/83,,12/3/83,,12/3/83,,12/3/83,,12/3/83,,12/3/83,,12/3/83,,12/3/83,,12/3/83,,12/3/83,,12/3/83,,12/3/83,,12/3/83,
8/27/83,,8/27/83,,8/27/83,,8/27/83,,8/27/83,,8/27/83,,8/27/83,,8/27/83,,8/27/83,,8/27/83,,8/27/83,,8/27/83,,8/27/83,,8/27/83,,8/27/83,,8/27/83,,8/27/83,,8/27/83,,8/27/83,
6/3/83,,6/3/83,,6/3/83,,6/3/83,,6/3/83,,6/3/83,,6/3/83,,6/3/83,,6/3/83,,6/3/83,,6/3/83,,6/3/83,,6/3/83,,6/3/83,,6/3/83,,6/3/83,,6/3/83,,6/3/83,,6/3/83,
2/24/83,,2/24/83,,2/24/83,,2/24/83,,2/24/83,,2/24/83,,2/24/83,,2/24/83,,2/24/83,,2/24/83,,2/24/83,,2/24/83,,2/24/83,,2/24/83,,2/24/83,,2/24/83,,2/24/83,,2/24/83,,2/24/83,
12/3/82,,12/3/82,,12/3/82,,12/3/82,,12/3/82,,12/3/82,,12/3/82,,12/3/82,,12/3/82,,12/3/82,,12/3/82,,12/3/82,,12/3/82,,12/3/82,,12/3/82,,12/3/82,,12/3/82,,12/3/82,,12/3/82,
8/27/82,,8/27/82,,8/27/82,,8/27/82,,8/27/82,,8/27/82,,8/27/82,,8/27/82,,8/27/82,,8/27/82,,8/27/82,,8/27/82,,8/27/82,,8/27/82,,8/27/82,,8/27/82,,8/27/82,,8/27/82,,8/27/82,
6/3/82,,6/3/82,,6/3/82,,6/3/82,,6/3/82,,6/3/82,,6/3/82,,6/3/82,,6/3/82,,6/3/82,,6/3/82,,6/3/82,,6/3/82,,6/3/82,,6/3/82,,6/3/82,,6/3/82,,6/3/82,,6/3/82,
2/24/82,,2/24/82,,2/24/82,,2/24/82,,2/24/82,,2/24/82,,2/24/82,,2/24/82,,2/24/82,,2/24/82,,2/24/82,,2/24/82,,2/24/82,,2/24/82,,2/24/82,,2/24/82,,2/24/82,,2/24/82,,2/24/82,
12/3/81,,12/3/81,,12/3/81,,12/3/81,,12/3/81,,12/3/81,,12/3/81,,12/3/81,,12/3/81,,12/3/81,,12/3/81,,12/3/81,,12/3/81,,12/3/81,,12/3/81,,12/3/81,,12/3/81,,12/3/81,,12/3/81,
8/27/81,,8/27/81,,8/27/81,,8/27/81,,8/27/81,,8/27/81,,8/27/81,,8/27/81,,8/27/81,,8/27/81,,8/27/81,,8/27/81,,8/27/81,,8/27/81,,8/27/81,,8/27/81,,8/27/81,,8/27/81,,8/27/81,
6/3/81,,6/3/81,,6/3/81,,6/3/81,,6/3/81,,6/3/81,,6/3/81,,6/3/81,,6/3/81,,6/3/81,,6/3/81,,6/3/81,,6/3/81,,6/3/81,,6/3/81,,6/3/81,,6/3/81,,6/3/81,,6/3/81,
2/24/81,,2/24/81,,2/24/81,,2/24/81,,2/24/81,,2/24/81,,2/24/81,,2/24/81,,2/24/81,,2/24/81,,2/24/81,,2/24/81,,2/24/81,,2/24/81,,2/24/81,,2/24/81,,2/24/81,,2/24/81,,2/24/81,
12/3/80,,12/3/80,,12/3/80,,12/3/80,,12/3/80,,12/3/80,,12/3/80,,12/3/80,,12/3/80,,12/3/80,,12/3/80,,12/3/80,,12/3/80,,12/3/80,,12/3/80,,12/3/80,,12/3/80,,12/3/80,,12/3/80,
8/27/80,,8/27/80,,8/27/80,,8/27/80,,8/27/80,,8/27/80,,8/27/80,,8/27/80,,8/27/80,,8/27/80,,8/27/80,,8/27/80,,8/27/80,,8/27/80,,8/27/80,,8/27/80,,8/27/80,,8/27/80,,8/27/80,
6/3/80,,6/3/80,,6/3/80,,6/3/80,,6/3/80,,6/3/80,,6/3/80,,6/3/80,,6/3/80,,6/3/80,,6/3/80,,6/3/80,,6/3/80,,6/3/80,,6/3/80,,6/3/80,,6/3/80,,6/3/80,,6/3/80,
2/24/80,,2/24/80,,2/24/80,,2/24/80,,2/24/80,,2/24/80,,2/24/80,,2/24/80,,2/24/80,,2/24/80,,2/24/80,,2/24/80,,2/24/80,,2/24/80,,2/24/80,,2/24/80,,2/24/80,,2/24/80,,2/24/80,
12/3/79,,12/3/79,,12/3/79,,12/3/79,,12/3/79,,12/3/79,,12/3/79,,12/3/79,,12/3/79,,12/3/79,,12/3/79,,12/3/79,,12/3/79,,12/3/79,,12/3/79,,12/3/79,,12/3/79,,12/3/79,,12/3/79,
8/27/79,,8/27/79,,8/27/79,,8/27/79,,8/27/79,,8/27/79,,8/27/79,,8/27/79,,8/27/79,,8/27/79,,8/27/79,,8/27/79,,8/27/79,,8/27/79,,8/27/79,,8/27/79,,8/27/79,,8/27/79,,8/27/79,
6/3/79,,6/3/79,,6/3/79,,6/3/79,,6/3/79,,6/3/79,,6/3/79,,6/3/79,,6/3/79,,6/3/79,,6/3/79,,6/3/79,,6/3/79,,6/3/79,,6/3/79,,6/3/79,,6/3/79,,6/3/79,,6/3/79,
2/24/79,,2/24/79,,2/24/79,,2/24/79,,2/24/79,,2/24/79,,2/24/79,,2/24/79,,2/24/79,,2/24/79,,2/24/79,,2/24/79,,2/24/79,,2/24/79,,2/24/79,,2/24/79,,2/24/79,,2/24/79,,2/24/79,
12/3/78,,12/3/78,,12/3/78,,12/3/78,,12/3/78,,12/3/78,,12/3/78,,12/3/78,,12/3/78,,12/3/78,,12/3/78,,12/3/78,,12/3/78,,12/3/78,,12/3/78,,12/3/78,,12/3/78,,12/3/78,,12/3/78,
8/27/78,,8/27/78,,8/27/78,,8/27/78,,8/27/78,,8/27/78,,8/27/78,,8/27/78,,8/27/78,,8/27/78,,8/27/78,,8/27/78,,8/27/78,,8/27/78,,8/27/78,,8/27/78,,8/27/78,,8/27/78,,8/27/78,
6/3/78,,6/3/78,,6/3/78,,6/3/78,,6/3/78,,6/3/78,,6/3/78,,6/3/78,,6/3/78,,6/3/78,,6/3/78,,6/3/78,,6/3/78,,6/3/78,,6/3/78,,6/3/78,,6/3/78,,6/3/78,,6/3/78,
2/24/78,,2/24/78,,2/24/78,,2/24/78,,2/24/78,,2/24/78,,2/24/78,,2/24/78,,2/24/78,,2/24/78,,2/24/78,,2/24/78,,2/24/78,,2/24/78,,2/24/78,,2/24/78,,2/24/78,,2/24/78,,2/24/78,
12/3/77,,12/3/77,,12/3/77,,12/3/77,,12/3/77,,12/3/77,,12/3/77,,12/3/77,,12/3/77,,12/3/77,,12/3/77,,12/3/77,,12/3/77,,12/3/77,,12/3/77,,12/3/77,,12/3/77,,12/3/77,,12/3/77,
8/27/77,,8/27/77,,8/27/77,,8/27/77,,8/27/77,,8/27/77,,8/27/77,,8/27/77,,8/27/77,,8/27/77,,8/27/77,,8/27/77,,8/27/77,,8/27/77,,8/27/77,,8/27/77,,8/27/77,,8/27/77,,8/27/77,
6/3/77,,6/3/77,,6/3/77,,6/3/77,,6/3/77,,6/3/77,,6/3/77,,6/3/77,,6/3/77,,6/3/77,,6/3/77,,6/3/77,,6/3/77,,6/3/77,,6/3/77,,6/3/77,,6/3/77,,6/3/77,,6/3/77,
2/24/77,,2/24/77,,2/24/77,,2/24/77,,2/24/77,,2/24/77,,2/24/77,,2/24/77,,2/24/77,,2/24/77,,2/24/77,,2/24/77,,2/24/77,,2/24/77,,2/24/77,,2/24/77,,2/24/77,,2/24/77,,2/24/77,
12/3/76,,12/3/76,,12/3/76,,12/3/76,,12/3/76,,12/3/76,,12/3/76,,12/3/76,,12/3/76,,12/3/76,,12/3/76,,12/3/76,,12/3/76,,12/3/76,,12/3/76,,12/3/76,,12/3/76,,12/3/76,,12/3/76,
8/27/76,,8/27/76,,8/27/76,,8/27/76,,8/27/76,,8/27/76,,8/27/76,,8/27/76,,8/27/76,,8/27/76,,8/27/76,,8/27/76,,8/27/76,,8/27/76,,8/27/76,,8/27/76,,8/27/76,,8/27/76,,8/27/76,
6/3/76,,6/3/76,,6/3/76,,6/3/76,,6/3/76,,6/3/76,,6/3/76,,6/3/76,,6/3/76,,6/3/76,,6/3/76,,6/3/76,,6/3/76,,6/3/76,,6/3/76,,6/3/76,,6/3/76,,6/3/76,,6/3/76,
2/24/76,,2/24/76,,2/24/76,,2/24/76,,2/24/76,,2/24/76,,2/24/76,,2/24/76,,2/24/76,,2/24/76,,2/24/76,,2/24/76,,2/24/76,,2/24/76,,2/24/76,,2/24/76,,2/24/76,,2/24/76,,2/24/76,
12/3/75,,12/3/75,,12/3/75,,12/3/75,,12/3/75,,12/3/75,,12/3/75,,12/3/75,,12/3/75,,12/3/75,,12/3/75,,12/3/75,,12/3/75,,12/3/75,,12/3/75,,12/3/75,,12/3/75,,12/3/75,,12/3/75,
8/27/75,,8/27/75,,8/27/75,,8/27/75,,8/27/75,,8/27/75,,8/27/75,,8/27/75,,8/27/75,,8/27/75,,8/27/75,,8/27/75,,8/27/75,,8/27/75,,8/27/75,,8/27/75,,8/27/75,,8/27/75,,8/27/75,
6/3/75,,6/3/75,,6/3/75,,6/3/75,,6/3/75,,6/3/75,,6/3/75,,6/3/75,,6/3/75,,6/3/75,,6/3/75,,6/3/75,,6/3/75,,6/3/75,,6/3/75,,6/3/75,,6/3/75,,6/3/75,,6/3/75,
2/24/75,,2/24/75,,2/24/75,,2/24/75,,2/24/75,,2/24/75,,2/24/75,,2/24/75,,2/24/75,,2/24/75,,2/24/75,,2/24/75,,2/24/75,,2/24/75,,2/24/75,,2/24/75,,2/24/75,,2/24/75,,2/24/75,
12/3/74,,12/3/74,,12/3/74,,12/3/74,,12/3/74,,12/3/74,,12/3/74,,12/3/74,,12/3/74,,12/3/74,,12/3/74,,12/3/74,,12/3/74,,12/3/74,,12/3/74,,12/3/74,,12/3/74,,12/3/74,,12/3/74,
8/27/74,,8/27/74,,8/27/74,,8/27/74,,8/27/74,,8/27/74,,8/27/74,,8/27/74,,8/27/74,,8/27/74,,8/27/74,,8/27/74,,8/27/74,,8/27/74,,8/27/74,,8/27/74,,8/27/74,,8/27/74,,8/27/74,
6/3/74,,6/3/74,,6/3/74,,6/3/74,,6/3/74,,6/3/74,,6/3/74,,6/3/74,,6/3/74,,6/3/74,,6/3/74,,6/3/74,,6/3/74,,6/3/74,,6/3/74,,6/3/74,,6/3/74,,6/3/74,,6/3/74,
2/24/74,,2/24/74,,2/24/74,,2/24/74,,2/24/74,,2/24/74,,2/24/74,,2/24/74,,2/24/74,,2/24/74,,2/24/74,,2/24/74,,2/24/74,,2/24/74,,2/24/74,,2/24/74,,2/24/74,,2/24/74,,2/24/74,
12/3/73,,12/3/73,,12/3/73,,12/3/73,,12/3/73,,12/3/73,,12/3/73,,12/3/73,,12/3/73,,12/3/73,,12/3/73,,12/3/73,,12/3/73,,12/3/73,,12/3/73,,12/3/73,,12/3/73,,12/3/73,,12/3/73,
8/27/73,,8/27/73,,8/27/73,,8/27/73,,8/27/73,,8/27/73,,8/27/73,,8/27/73,,8/27/73,,8/27/73,,8/27/73,,8/27/73,,8/27/73,,8/27/73,,8/27/73,,8/27/73,,8/27/73,,8/27/73,,8/27/73,
6/3/73,,6/3/73,,6/3/73,,6/3/73,,6/3/73,,6/3/73,,6/3/73,,6/3/73,,6/3/73,,6/3/73,,6/3/73,,6/3/73,,6/3/73,,6/3/73,,6/3/73,,6/3/73,,6/3/73,,6/3/73,,6/3/73,
2/24/73,,2/24/73,,2/24/73,,2/24/73,,2/24/73,,2/24/73,,2/24/73,,2/24/73,,2/24/73,,2/24/73,,2/24/73,,2/24/73,,2/24/73,,2/24/73,,2/24/73,,2/24/73,,2/24/73,,2/24/73,,2/24/73,
12/3/72,,12/3/72,,12/3/72,,12/3/72,,12/3/72,,12/3/72,,12/3/72,,12/3/72,,12/3/72,,12/3/72,,12/3/72,,12/3/72,,12/3/72,,12/3/72,,12/3/72,,12/3/72,,12/3/72,,12/3/72,,12/3/72,
8/27/72,,8/27/72,,8/27/72,,8/27/72,,8/27/72,,8/27/72,,8/27/72,,8/27/72,,8/27/72,,8/27/72,,8/27/72,,8/27/72,,8/27/72,,8/27/72,,8/27/72,,8/27/72,,8/27/72,,8/27/72,,8/27/72,